Symbol,Company Name,Industry,Series
3MINDIA,3M India Ltd.,SERVICES,EQ
ABB,ABB India Ltd.,INDUSTRIAL MANUFACTURING,EQ
ACC,ACC Ltd.,CEMENT & CEMENT PRODUCTS,EQ
AIAENG,AIA Engineering Ltd.,INDUSTRIAL MANUFACTURING,EQ
APLAPOLLO,APL Apollo Tubes Ltd.,METALS,EQ
AUBANK,AU Small Finance Bank Ltd.,FINANCIAL SERVICES,EQ
AAVAS,Aavas Financiers Ltd.,FINANCIAL SERVICES,EQ
ADANIGREEN,Adani Green Energy Ltd.,ENERGY,EQ
ADANIPORTS,Adani Ports and Special Economic Zone Ltd.,SERVICES,EQ
ADANIPOWER,Adani Power Ltd.,ENERGY,EQ
ADANITRANS,Adani Transmission Ltd.,ENERGY,EQ
ABCAPITAL,Aditya Birla Capital Ltd.,FINANCIAL SERVICES,EQ
ABFRL,Aditya Birla Fashion and Retail Ltd.,CONSUMER GOODS,EQ
ADVENZYMES,Advanced Enzyme Tech Ltd.,CONSUMER GOODS,EQ
AEGISCHEM,Aegis Logistics Ltd.,ENERGY,EQ
AJANTPHARM,Ajanta Pharmaceuticals Ltd.,PHARMA,EQ
AKZOINDIA,Akzo Nobel India Ltd.,CONSUMER GOODS,EQ
APLLTD,Alembic Pharmaceuticals Ltd.,PHARMA,EQ
ALKEM,Alkem Laboratories Ltd.,PHARMA,EQ
ALBK,Allahabad Bank,FINANCIAL SERVICES,EQ
ALLCARGO,Allcargo Logistics Ltd.,SERVICES,EQ
AMARAJABAT,Amara Raja Batteries Ltd.,AUTOMOBILE,EQ
AMBUJACEM,Ambuja Cements Ltd.,CEMENT & CEMENT PRODUCTS,EQ
ANDHRABANK,Andhra Bank,FINANCIAL SERVICES,EQ
APOLLOHOSP,Apollo Hospitals Enterprise Ltd.,HEALTHCARE SERVICES,EQ
APOLLOTYRE,Apollo Tyres Ltd.,AUTOMOBILE,EQ
ASHOKLEY,Ashok Leyland Ltd.,AUTOMOBILE,EQ
ASHOKA,Ashoka Buildcon Ltd.,CONSTRUCTION,EQ
ASIANPAINT,Asian Paints Ltd.,CONSUMER GOODS,EQ
ASTERDM,Aster DM Healthcare Ltd.,HEALTHCARE SERVICES,EQ
ASTRAZEN,AstraZenca Pharma India Ltd.,PHARMA,EQ
ASTRAL,Astral Poly Technik Ltd.,INDUSTRIAL MANUFACTURING,EQ
ATUL,Atul Ltd.,CHEMICALS,EQ
AUROPHARMA,Aurobindo Pharma Ltd.,PHARMA,EQ
AVANTIFEED,Avanti Feeds Ltd.,CONSUMER GOODS,EQ
DMART,Avenue Supermarts Ltd.,CONSUMER GOODS,EQ
AXISBANK,Axis Bank Ltd.,FINANCIAL SERVICES,EQ
BASF,BASF India Ltd.,CHEMICALS,EQ
BEML,BEML Ltd.,INDUSTRIAL MANUFACTURING,EQ
BSE,BSE Ltd.,FINANCIAL SERVICES,EQ
BAJAJ-AUTO,Bajaj Auto Ltd.,AUTOMOBILE,EQ
BAJAJCON,Bajaj Consumer Care Ltd.,CONSUMER GOODS,EQ
BAJAJELEC,Bajaj Electricals Ltd,CONSUMER GOODS,EQ
BAJFINANCE,Bajaj Finance Ltd.,FINANCIAL SERVICES,EQ
BAJAJFINSV,Bajaj Finserv Ltd.,FINANCIAL SERVICES,EQ
BAJAJHLDNG,Bajaj Holdings & Investment Ltd.,FINANCIAL SERVICES,EQ
BALKRISIND,Balkrishna Industries Ltd.,AUTOMOBILE,EQ
BALMLAWRIE,Balmer Lawrie & Co. Ltd.,SERVICES,EQ
BALRAMCHIN,Balrampur Chini Mills Ltd.,CONSUMER GOODS,EQ
BANDHANBNK,Bandhan Bank Ltd.,FINANCIAL SERVICES,EQ
BANKBARODA,Bank of Baroda,FINANCIAL SERVICES,EQ
BANKINDIA,Bank of India,FINANCIAL SERVICES,EQ
MAHABANK,Bank of Maharashtra.,FINANCIAL SERVICES,EQ
BATAINDIA,Bata India Ltd.,CONSUMER GOODS,EQ
BERGEPAINT,Berger Paints India Ltd.,CONSUMER GOODS,EQ
BDL,Bharat Dynamics Ltd.,INDUSTRIAL MANUFACTURING,EQ
BEL,Bharat Electronics Ltd.,INDUSTRIAL MANUFACTURING,EQ
BHARATFORG,Bharat Forge Ltd.,INDUSTRIAL MANUFACTURING,EQ
BHEL,Bharat Heavy Electricals Ltd.,INDUSTRIAL MANUFACTURING,EQ
BPCL,Bharat Petroleum Corporation Ltd.,ENERGY,EQ
BHARTIARTL,Bharti Airtel Ltd.,TELECOM,EQ
INFRATEL,Bharti Infratel Ltd.,TELECOM,EQ
BIOCON,Biocon Ltd.,PHARMA,EQ
BIRLACORPN,Birla Corporation Ltd.,CEMENT & CEMENT PRODUCTS,EQ
BLISSGVS,Bliss GVS Pharma Ltd.,PHARMA,EQ
BLUEDART,Blue Dart Express Ltd.,SERVICES,EQ
BLUESTARCO,Blue Star Ltd.,CONSUMER GOODS,EQ
BBTC,Bombay Burmah Trading Corporation Ltd.,CONSUMER GOODS,EQ
BOMDYEING,Bombay Dyeing & Manufacturing Co. Ltd.,TEXTILES,EQ
BOSCHLTD,Bosch Ltd.,AUTOMOBILE,EQ
BRIGADE,Brigade Enterprises Ltd.,CONSTRUCTION,EQ
BRITANNIA,Britannia Industries Ltd.,CONSUMER GOODS,EQ
CARERATING,CARE Ratings Ltd.,FINANCIAL SERVICES,EQ
CCL,CCL Products (I) Ltd.,CONSUMER GOODS,EQ
CESC,CESC Ltd.,ENERGY,EQ
CGPOWER,CG Power and Industrial Solutions Ltd.,INDUSTRIAL MANUFACTURING,EQ
CRISIL,CRISIL Ltd.,FINANCIAL SERVICES,EQ
CADILAHC,Cadila Healthcare Ltd.,PHARMA,EQ
CANFINHOME,Can Fin Homes Ltd.,FINANCIAL SERVICES,EQ
CANBK,Canara Bank,FINANCIAL SERVICES,EQ
CAPLIPOINT,Caplin Point Laboratories Ltd.,PHARMA,EQ
CARBORUNIV,Carborundum Universal Ltd.,INDUSTRIAL MANUFACTURING,EQ
CASTROLIND,Castrol India Ltd.,ENERGY,EQ
CEATLTD,Ceat Ltd.,AUTOMOBILE,EQ
CENTRALBK,Central Bank of India,FINANCIAL SERVICES,EQ
CDSL,Central Depository Services (India) Ltd.,FINANCIAL SERVICES,EQ
CENTURYPLY,Century Plyboards (India) Ltd.,CONSUMER GOODS,EQ
CERA,Cera Sanitaryware Ltd,CONSTRUCTION,EQ
CHALET,Chalet Hotels Ltd.,SERVICES,EQ
CHAMBLFERT,Chambal Fertilizers & Chemicals Ltd.,FERTILISERS & PESTICIDES,EQ
CHENNPETRO,Chennai Petroleum Corporation Ltd.,ENERGY,EQ
CHOLAHLDNG,Cholamandalam Financial Holdings Ltd.,FINANCIAL SERVICES,EQ
CHOLAFIN,Cholamandalam Investment and Finance Company Ltd.,FINANCIAL SERVICES,EQ
CIPLA,Cipla Ltd.,PHARMA,EQ
CUB,City Union Bank Ltd.,FINANCIAL SERVICES,EQ
COALINDIA,Coal India Ltd.,METALS,EQ
COCHINSHIP,Cochin Shipyard Ltd.,INDUSTRIAL MANUFACTURING,EQ
COFFEEDAY,Coffee Day Enterprises Ltd.,CONSUMER GOODS,EQ
COLPAL,Colgate Palmolive (India) Ltd.,CONSUMER GOODS,EQ
CONCOR,Container Corporation of India Ltd.,SERVICES,EQ
COROMANDEL,Coromandel International Ltd.,FERTILISERS & PESTICIDES,EQ
CORPBANK,Corporation Bank,FINANCIAL SERVICES,EQ
COX&KINGS,Cox & Kings Ltd.,SERVICES,EQ
CREDITACC,CreditAccess Grameen Ltd.,FINANCIAL SERVICES,EQ
CROMPTON,Crompton Greaves Consumer Electricals Ltd.,CONSUMER GOODS,EQ
CUMMINSIND,Cummins India Ltd.,INDUSTRIAL MANUFACTURING,EQ
CYIENT,Cyient Ltd.,IT,EQ
DBCORP,D.B.Corp Ltd.,MEDIA & ENTERTAINMENT,EQ
DCBBANK,DCB Bank Ltd.,FINANCIAL SERVICES,EQ
DCMSHRIRAM,DCM Shriram Ltd.,CONSUMER GOODS,EQ
DLF,DLF Ltd.,CONSTRUCTION,EQ
DABUR,Dabur India Ltd.,CONSUMER GOODS,EQ
DALBHARAT,Dalmia Bharat Ltd.,CEMENT & CEMENT PRODUCTS,EQ
DEEPAKFERT,Deepak Fertilisers & Petrochemicals Corp. Ltd.,CHEMICALS,EQ
DEEPAKNTR,Deepak Nitrite Ltd.,CHEMICALS,EQ
DELTACORP,Delta Corp Ltd.,SERVICES,EQ
DHFL,Dewan Housing Finance Corporation Ltd.,FINANCIAL SERVICES,EQ
DBL,Dilip Buildcon Ltd.,CONSTRUCTION,EQ
DISHTV,Dish TV India Ltd.,MEDIA & ENTERTAINMENT,EQ
DCAL,Dishman Carbogen Amcis Ltd.,PHARMA,EQ
DIVISLAB,Divi's Laboratories Ltd.,PHARMA,EQ
DIXON,Dixon Technologies (India) Ltd.,CONSUMER GOODS,EQ
LALPATHLAB,Dr. Lal Path Labs Ltd.,HEALTHCARE SERVICES,EQ
DRREDDY,Dr. Reddy's Laboratories Ltd.,PHARMA,EQ
EIDPARRY,E.I.D. Parry (India) Ltd.,FERTILISERS & PESTICIDES,EQ
EIHOTEL,EIH Ltd.,SERVICES,EQ
EDELWEISS,Edelweiss Financial Services Ltd.,FINANCIAL SERVICES,EQ
EICHERMOT,Eicher Motors Ltd.,AUTOMOBILE,EQ
ELGIEQUIP,Elgi Equipments Ltd.,INDUSTRIAL MANUFACTURING,EQ
EMAMILTD,Emami Ltd.,CONSUMER GOODS,EQ
ENDURANCE,Endurance Technologies Ltd.,AUTOMOBILE,EQ
ENGINERSIN,Engineers India Ltd.,CONSTRUCTION,EQ
EQUITAS,Equitas Holdings Ltd.,FINANCIAL SERVICES,EQ
ERIS,Eris Lifesciences Ltd.,PHARMA,EQ
ESCORTS,Escorts Ltd.,AUTOMOBILE,EQ
ESSELPACK,Essel Propack Ltd.,INDUSTRIAL MANUFACTURING,EQ
EXIDEIND,Exide Industries Ltd.,AUTOMOBILE,EQ
FDC,FDC Ltd.,PHARMA,EQ
FEDERALBNK,Federal Bank Ltd.,FINANCIAL SERVICES,EQ
FINEORG,Fine Organic Industries Ltd.,CHEMICALS,EQ
FINCABLES,Finolex Cables Ltd.,INDUSTRIAL MANUFACTURING,EQ
FINPIPE,Finolex Industries Ltd.,INDUSTRIAL MANUFACTURING,EQ
FSL,Firstsource Solutions Ltd.,IT,EQ
FORTIS,Fortis Healthcare Ltd.,HEALTHCARE SERVICES,EQ
FCONSUMER,Future Consumer Ltd.,CONSUMER GOODS,EQ
FLFL,Future Lifestyle Fashions Ltd.,CONSUMER GOODS,EQ
FRETAIL,Future Retail Ltd.,CONSUMER GOODS,EQ
GAIL,GAIL (India) Ltd.,ENERGY,EQ
GEPIL,GE Power India Ltd.,INDUSTRIAL MANUFACTURING,EQ
GET&D,GE T&D India Ltd.,INDUSTRIAL MANUFACTURING,EQ
GHCL,GHCL Ltd.,CHEMICALS,EQ
GMRINFRA,GMR Infrastructure Ltd.,CONSTRUCTION,EQ
GALAXYSURF,Galaxy Surfactants Ltd.,CHEMICALS,EQ
GDL,Gateway Distriparks Ltd.,SERVICES,EQ
GAYAPROJ,Gayatri Projects Ltd.,CONSTRUCTION,EQ
GICRE,General Insurance Corporation of India,FINANCIAL SERVICES,EQ
GILLETTE,Gillette India Ltd.,CONSUMER GOODS,EQ
GSKCONS,GlaxoSmithkline Consumer Healthcare Ltd.,CONSUMER GOODS,EQ
GLAXO,Glaxosmithkline Pharmaceuticals Ltd.,PHARMA,EQ
GLENMARK,Glenmark Pharmaceuticals Ltd.,PHARMA,EQ
GODFRYPHLP,Godfrey Phillips India Ltd.,CONSUMER GOODS,EQ
GODREJAGRO,Godrej Agrovet Ltd.,CONSUMER GOODS,EQ
GODREJCP,Godrej Consumer Products Ltd.,CONSUMER GOODS,EQ
GODREJIND,Godrej Industries Ltd.,CONSUMER GOODS,EQ
GODREJPROP,Godrej Properties Ltd.,CONSTRUCTION,EQ
GRANULES,Granules India Ltd.,PHARMA,EQ
GRAPHITE,Graphite India Ltd.,INDUSTRIAL MANUFACTURING,EQ
GRASIM,Grasim Industries Ltd.,CEMENT & CEMENT PRODUCTS,EQ
GESHIP,Great Eastern Shipping Co. Ltd.,SERVICES,EQ
GREAVESCOT,Greaves Cotton Ltd.,INDUSTRIAL MANUFACTURING,EQ
GRINDWELL,Grindwell Norton Ltd.,INDUSTRIAL MANUFACTURING,EQ
GRUH,Gruh Finance Ltd.,FINANCIAL SERVICES,EQ
GUJALKALI,Gujarat Alkalies & Chemicals Ltd.,CHEMICALS,EQ
GUJGASLTD,Gujarat Gas Ltd.,ENERGY,EQ
GMDCLTD,Gujarat Mineral Development Corporation Ltd.,METALS,EQ
GNFC,Gujarat Narmada Valley Fertilizers and Chemicals Ltd.,CHEMICALS,EQ
GPPL,Gujarat Pipavav Port Ltd.,SERVICES,EQ
GSFC,Gujarat State Fertilizers & Chemicals Ltd.,FERTILISERS & PESTICIDES,EQ
GSPL,Gujarat State Petronet Ltd.,ENERGY,EQ
GULFOILLUB,Gulf Oil Lubricants India Ltd.,ENERGY,EQ
HEG,H.E.G. Ltd.,INDUSTRIAL MANUFACTURING,EQ
HCLTECH,HCL Technologies Ltd.,IT,EQ
HDFCAMC,HDFC Asset Management Company Ltd.,FINANCIAL SERVICES,EQ
HDFCBANK,HDFC Bank Ltd.,FINANCIAL SERVICES,EQ
HDFCLIFE,HDFC Life Insurance Company Ltd.,FINANCIAL SERVICES,EQ
HATHWAY,Hathway Cable & Datacom Ltd.,MEDIA & ENTERTAINMENT,EQ
HATSUN,Hatsun Agro Product Ltd.,CONSUMER GOODS,EQ
HAVELLS,Havells India Ltd.,CONSUMER GOODS,EQ
HEIDELBERG,HeidelbergCement India Ltd.,CEMENT & CEMENT PRODUCTS,EQ
HERITGFOOD,Heritage Foods Ltd.,CONSUMER GOODS,EQ
HEROMOTOCO,Hero MotoCorp Ltd.,AUTOMOBILE,EQ
HEXAWARE,Hexaware Technologies Ltd.,IT,EQ
HFCL,Himachal Fut Com Ltd.,TELECOM,EQ
HSCL,Himadri Speciality Chemical Ltd.,CHEMICALS,EQ
HIMATSEIDE,Himatsingka Seide Ltd.,TEXTILES,EQ
HINDALCO,Hindalco Industries Ltd.,METALS,EQ
HAL,Hindustan Aeronautics Ltd.,INDUSTRIAL MANUFACTURING,EQ
HINDCOPPER,Hindustan Copper Ltd.,METALS,EQ
HINDPETRO,Hindustan Petroleum Corporation Ltd.,ENERGY,EQ
HINDUNILVR,Hindustan Unilever Ltd.,CONSUMER GOODS,EQ
HINDZINC,Hindustan Zinc Ltd.,METALS,EQ
HONAUT,Honeywell Automation India Ltd.,INDUSTRIAL MANUFACTURING,EQ
HUDCO,Housing & Urban Development Corporation Ltd.,FINANCIAL SERVICES,EQ
HDFC,Housing Development Finance Corporation Ltd.,FINANCIAL SERVICES,EQ
ICICIBANK,ICICI Bank Ltd.,FINANCIAL SERVICES,EQ
ICICIGI,ICICI Lombard General Insurance Company Ltd.,FINANCIAL SERVICES,EQ
ICICIPRULI,ICICI Prudential Life Insurance Company Ltd.,FINANCIAL SERVICES,EQ
ISEC,ICICI Securities Ltd.,FINANCIAL SERVICES,EQ
ICRA,ICRA Ltd.,FINANCIAL SERVICES,EQ
IDBI,IDBI Bank Ltd.,FINANCIAL SERVICES,EQ
IDFCFIRSTB,IDFC First Bank Ltd.,FINANCIAL SERVICES,EQ
IDFC,IDFC Ltd.,FINANCIAL SERVICES,EQ
IFBIND,IFB Industries Ltd.,CONSUMER GOODS,EQ
IFCI,IFCI Ltd.,FINANCIAL SERVICES,EQ
IRB,IRB Infrastructure Developers Ltd.,CONSTRUCTION,EQ
IRCON,IRCON International Ltd.,CONSTRUCTION,EQ
ITC,ITC Ltd.,CONSUMER GOODS,EQ
ITDCEM,ITD Cementation India Ltd.,CONSTRUCTION,EQ
ITI,ITI Ltd.,TELECOM,EQ
INDIACEM,India Cements Ltd.,CEMENT & CEMENT PRODUCTS,EQ
ITDC,India Tourism Development Corporation Ltd.,SERVICES,EQ
IBULHSGFIN,Indiabulls Housing Finance Ltd.,FINANCIAL SERVICES,EQ
IBULISL,Indiabulls Integrated Services Ltd.,IT,EQ
IBREALEST,Indiabulls Real Estate Ltd.,CONSTRUCTION,EQ
IBVENTURES,Indiabulls Ventures Ltd.,FINANCIAL SERVICES,EQ
INDIANB,Indian Bank,FINANCIAL SERVICES,EQ
IEX,Indian Energy Exchange Ltd.,FINANCIAL SERVICES,EQ
INDHOTEL,Indian Hotels Co. Ltd.,SERVICES,EQ
IOC,Indian Oil Corporation Ltd.,ENERGY,EQ
IOB,Indian Overseas Bank ,FINANCIAL SERVICES,EQ
INDOSTAR,IndoStar Capital Finance Ltd.,FINANCIAL SERVICES,EQ
INDOCO,Indoco Remedies Ltd.,PHARMA,EQ
IGL,Indraprastha Gas Ltd.,ENERGY,EQ
INDUSINDBK,IndusInd Bank Ltd.,FINANCIAL SERVICES,EQ
INFIBEAM,Infibeam Avenues Ltd.,IT,EQ
NAUKRI,Info Edge (India) Ltd.,IT,EQ
INFY,Infosys Ltd.,IT,EQ
INOXLEISUR,Inox Leisure Ltd.,MEDIA & ENTERTAINMENT,EQ
INOXWIND,Inox Wind Ltd.,INDUSTRIAL MANUFACTURING,EQ
INTELLECT,Intellect Design Arena Ltd.,IT,EQ
INDIGO,InterGlobe Aviation Ltd.,SERVICES,EQ
IPCALAB,Ipca Laboratories Ltd.,PHARMA,EQ
JBCHEPHARM,J.B. Chemicals & Pharmaceuticals Ltd.,PHARMA,EQ
JKCEMENT,J.K. Cement Ltd.,CEMENT & CEMENT PRODUCTS,EQ
JKLAKSHMI,JK Lakshmi Cement Ltd.,CEMENT & CEMENT PRODUCTS,EQ
JKPAPER,JK Paper Ltd.,PAPER,EQ
JKTYRE,JK Tyre & Industries Ltd.,AUTOMOBILE,EQ
JMFINANCIL,JM Financial Ltd.,FINANCIAL SERVICES,EQ
JSWENERGY,JSW Energy Ltd.,ENERGY,EQ
JSWSTEEL,JSW Steel Ltd.,METALS,EQ
JAGRAN,Jagran Prakashan Ltd.,MEDIA & ENTERTAINMENT,EQ
JAICORPLTD,Jai Corp Ltd.,INDUSTRIAL MANUFACTURING,EQ
JISLJALEQS,Jain Irrigation Systems Ltd.,INDUSTRIAL MANUFACTURING,EQ
JPASSOCIAT,Jaiprakash Associates Ltd.,CEMENT & CEMENT PRODUCTS,EQ
J&KBANK,Jammu & Kashmir Bank Ltd.,FINANCIAL SERVICES,EQ
JAMNAAUTO,Jamna Auto Industries Ltd.,AUTOMOBILE,EQ
JETAIRWAYS,Jet Airways (India) Ltd.,SERVICES,BE
JINDALSAW,Jindal Saw Ltd.,METALS,EQ
JSLHISAR,Jindal Stainless (Hisar) Ltd.,METALS,EQ
JSL,Jindal Stainless Ltd.,METALS,EQ
JINDALSTEL,Jindal Steel & Power Ltd.,METALS,EQ
JUBLFOOD,Jubilant Foodworks Ltd.,CONSUMER GOODS,EQ
JUBILANT,Jubilant Life Sciences Ltd.,PHARMA,EQ
JUSTDIAL,Justdial Ltd.,IT,EQ
JYOTHYLAB,Jyothy Labs Ltd.,CONSUMER GOODS,EQ
KPRMILL,K.P.R. Mill Ltd.,TEXTILES,EQ
KEI,KEI Industries Ltd.,INDUSTRIAL MANUFACTURING,EQ
KIOCL,KIOCL Ltd.,METALS,EQ
KNRCON,KNR Constructions Ltd.,CONSTRUCTION,EQ
KRBL,KRBL Ltd.,CONSUMER GOODS,EQ
KAJARIACER,Kajaria Ceramics Ltd.,CONSTRUCTION,EQ
KALPATPOWR,Kalpataru Power Transmission Ltd.,ENERGY,EQ
KANSAINER,Kansai Nerolac Paints Ltd.,CONSUMER GOODS,EQ
KTKBANK,Karnataka Bank Ltd.,FINANCIAL SERVICES,EQ
KARURVYSYA,Karur Vysya Bank Ltd.,FINANCIAL SERVICES,EQ
KSCL,Kaveri Seed Company Ltd.,CONSUMER GOODS,EQ
KEC,Kec International Ltd.,CONSTRUCTION,EQ
KIRLOSENG,Kirloskar Oil Eng Ltd.,INDUSTRIAL MANUFACTURING,EQ
KOLTEPATIL,Kolte-Patil Developers Ltd.,CONSTRUCTION,EQ
KOTAKBANK,Kotak Mahindra Bank Ltd.,FINANCIAL SERVICES,EQ
L&TFH,L&T Finance Holdings Ltd.,FINANCIAL SERVICES,EQ
LTTS,L&T Technology Services Ltd.,IT,EQ
LICHSGFIN,LIC Housing Finance Ltd.,FINANCIAL SERVICES,EQ
LAXMIMACH,Lakshmi Machine Works Ltd.,INDUSTRIAL MANUFACTURING,EQ
LAKSHVILAS,Lakshmi Vilas Bank Ltd.,FINANCIAL SERVICES,EQ
LTI,Larsen & Toubro Infotech Ltd.,IT,EQ
LT,Larsen & Toubro Ltd.,CONSTRUCTION,EQ
LAURUSLABS,Laurus Labs Ltd.,PHARMA,EQ
LEMONTREE,Lemon Tree Hotels Ltd.,SERVICES,EQ
LINDEINDIA,Linde India Ltd.,CHEMICALS,EQ
LUPIN,Lupin Ltd.,PHARMA,EQ
LUXIND,Lux Industries Ltd.,TEXTILES,EQ
MASFIN,MAS Financial Services Ltd.,FINANCIAL SERVICES,EQ
MMTC,MMTC Ltd.,SERVICES,EQ
MOIL,MOIL Ltd.,METALS,EQ
MRF,MRF Ltd.,AUTOMOBILE,EQ
MAGMA,Magma Fincorp Ltd.,FINANCIAL SERVICES,EQ
MGL,Mahanagar Gas Ltd.,ENERGY,EQ
MAHSCOOTER,Maharashtra Scooters Ltd.,AUTOMOBILE,EQ
MAHSEAMLES,Maharashtra Seamless Ltd.,METALS,EQ
M&MFIN,Mahindra & Mahindra Financial Services Ltd.,FINANCIAL SERVICES,EQ
M&M,Mahindra & Mahindra Ltd.,AUTOMOBILE,EQ
MAHINDCIE,Mahindra CIE Automotive Ltd.,INDUSTRIAL MANUFACTURING,EQ
MHRIL,Mahindra Holidays & Resorts India Ltd.,SERVICES,EQ
MAHLOG,Mahindra Logistics Ltd.,SERVICES,EQ
MANAPPURAM,Manappuram Finance Ltd.,FINANCIAL SERVICES,EQ
MRPL,Mangalore Refinery & Petrochemicals Ltd.,ENERGY,EQ
MARICO,Marico Ltd.,CONSUMER GOODS,EQ
MARUTI,Maruti Suzuki India Ltd.,AUTOMOBILE,EQ
MFSL,Max Financial Services Ltd.,FINANCIAL SERVICES,EQ
MAXINDIA,Max India Ltd.,HEALTHCARE SERVICES,EQ
MINDTREE,MindTree Ltd.,IT,EQ
MINDACORP,Minda Corporation Ltd.,AUTOMOBILE,EQ
MINDAIND,Minda Industries Ltd.,AUTOMOBILE,EQ
MOTHERSUMI,Motherson Sumi Systems Ltd.,AUTOMOBILE,EQ
MOTILALOFS,Motilal Oswal Financial Services Ltd.,FINANCIAL SERVICES,EQ
MPHASIS,MphasiS Ltd.,IT,EQ
MUTHOOTFIN,Muthoot Finance Ltd.,FINANCIAL SERVICES,EQ
NATCOPHARM,NATCO Pharma Ltd.,PHARMA,EQ
NBCC,NBCC (India) Ltd.,CONSTRUCTION,EQ
NCC,NCC Ltd.,CONSTRUCTION,EQ
NESCO,NESCO Ltd.,SERVICES,EQ
NHPC,NHPC Ltd.,ENERGY,EQ
NIITTECH,NIIT Technologies Ltd.,IT,EQ
NLCINDIA,NLC India Ltd.,ENERGY,EQ
NMDC,NMDC Ltd.,METALS,EQ
NTPC,NTPC Ltd.,ENERGY,EQ
NH,Narayana Hrudayalaya Ltd.,HEALTHCARE SERVICES,EQ
NATIONALUM,National Aluminium Co. Ltd.,METALS,EQ
NFL,National Fertilizers Ltd.,FERTILISERS & PESTICIDES,EQ
NBVENTURES,Nava Bharat Ventures Ltd.,ENERGY,EQ
NAVINFLUOR,Navin Fluorine International Ltd.,CHEMICALS,EQ
NETWORK18,Network18 Media & Investments Ltd.,MEDIA & ENTERTAINMENT,EQ
NILKAMAL,Nilkamal Ltd.,INDUSTRIAL MANUFACTURING,EQ
OBEROIRLTY,Oberoi Realty Ltd.,CONSTRUCTION,EQ
ONGC,Oil & Natural Gas Corporation Ltd.,ENERGY,EQ
OIL,Oil India Ltd.,ENERGY,EQ
OMAXE,Omaxe Ltd.,CONSTRUCTION,EQ
OFSS,Oracle Financial Services Software Ltd.,IT,EQ
ORIENTCEM,Orient Cement Ltd.,CEMENT & CEMENT PRODUCTS,EQ
ORIENTELEC,Orient Electric Ltd.,CONSUMER GOODS,EQ
ORIENTBANK,Oriental Bank of Commerce,FINANCIAL SERVICES,EQ
PCJEWELLER,PC Jeweller Ltd.,CONSUMER GOODS,EQ
PIIND,PI Industries Ltd.,FERTILISERS & PESTICIDES,EQ
PNBHOUSING,PNB Housing Finance Ltd.,FINANCIAL SERVICES,EQ
PNCINFRA,PNC Infratech Ltd.,CONSTRUCTION,EQ
PTC,PTC India Ltd.,ENERGY,EQ
PVR,PVR Ltd.,MEDIA & ENTERTAINMENT,EQ
PAGEIND,Page Industries Ltd.,TEXTILES,EQ
PARAGMILK,Parag Milk Foods Ltd.,CONSUMER GOODS,EQ
PERSISTENT,Persistent Systems Ltd.,IT,EQ
PETRONET,Petronet LNG Ltd.,ENERGY,EQ
PFIZER,Pfizer Ltd.,PHARMA,EQ
PHILIPCARB,Phillips Carbon Black Ltd.,CHEMICALS,EQ
PHOENIXLTD,Phoenix Mills Ltd.,CONSTRUCTION,EQ
PIDILITIND,Pidilite Industries Ltd.,CHEMICALS,EQ
PEL,Piramal Enterprises Ltd.,PHARMA,EQ
PFC,Power Finance Corporation Ltd.,FINANCIAL SERVICES,EQ
POWERGRID,Power Grid Corporation of India Ltd.,ENERGY,EQ
PRAJIND,Praj Industries Ltd.,INDUSTRIAL MANUFACTURING,EQ
PRESTIGE,Prestige Estates Projects Ltd.,CONSTRUCTION,EQ
PRSMJOHNSN,Prism Johnson Ltd.,CEMENT & CEMENT PRODUCTS,EQ
PGHL,Procter & Gamble Health Ltd.,PHARMA,EQ
PGHH,Procter & Gamble Hygiene & Health Care Ltd.,CONSUMER GOODS,EQ
PNB,Punjab National Bank,FINANCIAL SERVICES,EQ
QUESS,Quess Corp Ltd.,SERVICES,EQ
RBLBANK,RBL Bank Ltd.,FINANCIAL SERVICES,EQ
RECLTD,REC Ltd.,FINANCIAL SERVICES,EQ
RITES,RITES Ltd.,CONSTRUCTION,EQ
RADICO,Radico Khaitan Ltd,CONSUMER GOODS,EQ
RAIN,Rain Industries Ltd,CHEMICALS,EQ
RAJESHEXPO,Rajesh Exports Ltd.,CONSUMER GOODS,EQ
RALLIS,Rallis India Ltd.,FERTILISERS & PESTICIDES,EQ
RKFORGE,Ramkrishna Forgings Ltd.,INDUSTRIAL MANUFACTURING,EQ
RCF,Rashtriya Chemicals & Fertilizers Ltd.,FERTILISERS & PESTICIDES,EQ
RAYMOND,Raymond Ltd.,TEXTILES,EQ
REDINGTON,Redington (India) Ltd.,SERVICES,EQ
RELAXO,Relaxo Footwears Ltd.,CONSUMER GOODS,EQ
RELCAPITAL,Reliance Capital Ltd.,FINANCIAL SERVICES,EQ
RCOM,Reliance Communications Ltd.,TELECOM,EQ
RHFL,Reliance Home Finance Ltd.,FINANCIAL SERVICES,EQ
RELIANCE,Reliance Industries Ltd.,ENERGY,EQ
RELINFRA,Reliance Infrastructure Ltd.,ENERGY,EQ
RNAM,Reliance Nippon Life Asset Management Ltd.,FINANCIAL SERVICES,EQ
RPOWER,Reliance Power Ltd.,ENERGY,EQ
REPCOHOME,Repco Home Finance Ltd.,FINANCIAL SERVICES,EQ
RUPA,Rupa & Company Ltd.,TEXTILES,EQ
SHK,S H Kelkar and Company Ltd.,CONSUMER GOODS,EQ
SBILIFE,SBI Life Insurance Company Ltd.,FINANCIAL SERVICES,EQ
SJVN,SJVN Ltd.,ENERGY,EQ
SKFINDIA,SKF India Ltd.,INDUSTRIAL MANUFACTURING,EQ
SREINFRA,SREI Infrastructure Finance Ltd.,FINANCIAL SERVICES,EQ
SRF,SRF Ltd.,TEXTILES,EQ
SADBHAV,Sadbhav Engineering Ltd.,CONSTRUCTION,EQ
SANOFI,Sanofi India Ltd.,PHARMA,EQ
SCHAEFFLER,Schaeffler India Ltd.,INDUSTRIAL MANUFACTURING,EQ
SIS,Security and Intelligence Services (India) Ltd.,SERVICES,EQ
SHANKARA,Shankara Building Products Ltd.,METALS,EQ
SHARDACROP,Sharda Cropchem Ltd.,FERTILISERS & PESTICIDES,EQ
SFL,Sheela Foam Ltd.,CONSUMER GOODS,EQ
SHILPAMED,Shilpa Medicare Ltd.,PHARMA,EQ
SCI,Shipping Corporation of India Ltd.,SERVICES,EQ
SHOPERSTOP,Shoppers Stop Ltd.,CONSUMER GOODS,EQ
SHREECEM,Shree Cement Ltd.,CEMENT & CEMENT PRODUCTS,EQ
RENUKA,Shree Renuka Sugars Ltd.,CONSUMER GOODS,EQ
SHRIRAMCIT,Shriram City Union Finance Ltd.,FINANCIAL SERVICES,EQ
SRTRANSFIN,Shriram Transport Finance Co. Ltd.,FINANCIAL SERVICES,EQ
SIEMENS,Siemens Ltd.,INDUSTRIAL MANUFACTURING,EQ
SPTL,Sintex Plastics Technology Ltd.,INDUSTRIAL MANUFACTURING,EQ
SOBHA,Sobha Ltd.,CONSTRUCTION,EQ
SOLARINDS,Solar Industries India Ltd.,CHEMICALS,EQ
SONATSOFTW,Sonata Software Ltd.,IT,EQ
SOUTHBANK,South Indian Bank Ltd.,FINANCIAL SERVICES,EQ
STARCEMENT,Star Cement Ltd.,CEMENT & CEMENT PRODUCTS,EQ
SBIN,State Bank of India,FINANCIAL SERVICES,EQ
SAIL,Steel Authority of India Ltd.,METALS,EQ
STRTECH,Sterlite Technologies Ltd.,TELECOM,EQ
STAR,Strides Pharma Science Ltd.,PHARMA,EQ
SUDARSCHEM,Sudarshan Chemical Industries Ltd.,CHEMICALS,EQ
SPARC,Sun Pharma Advanced Research Company Ltd.,PHARMA,EQ
SUNPHARMA,Sun Pharmaceutical Industries Ltd.,PHARMA,EQ
SUNTV,Sun TV Network Ltd.,MEDIA & ENTERTAINMENT,EQ
SUNCLAYLTD,Sundaram Clayton Ltd.,AUTOMOBILE,EQ
SUNDARMFIN,Sundaram Finance Ltd.,FINANCIAL SERVICES,EQ
SUNDRMFAST,Sundram Fasteners Ltd.,AUTOMOBILE,EQ
SUNTECK,Sunteck Realty Ltd.,CONSTRUCTION,EQ
SUPRAJIT,Suprajit Engineering Ltd.,AUTOMOBILE,EQ
SUPREMEIND,Supreme Industries Ltd.,INDUSTRIAL MANUFACTURING,EQ
SUVEN,Suven Life Sciences Ltd.,PHARMA,EQ
SUZLON,Suzlon Energy Ltd.,INDUSTRIAL MANUFACTURING,EQ
SWANENERGY,Swan Energy Ltd.,TEXTILES,EQ
SYMPHONY,Symphony Ltd.,CONSUMER GOODS,EQ
SYNDIBANK,Syndicate Bank,FINANCIAL SERVICES,EQ
SYNGENE,Syngene International Ltd.,PHARMA,EQ
TCNSBRANDS,TCNS Clothing Co. Ltd.,TEXTILES,EQ
TTKPRESTIG,TTK Prestige Ltd.,CONSUMER GOODS,EQ
TVTODAY,TV Today Network Ltd.,MEDIA & ENTERTAINMENT,EQ
TV18BRDCST,TV18 Broadcast Ltd.,MEDIA & ENTERTAINMENT,EQ
TVSMOTOR,TVS Motor Company Ltd.,AUTOMOBILE,EQ
TAKE,Take Solutions Ltd.,PHARMA,EQ
TNPL,Tamil Nadu Newsprint & Papers Ltd.,PAPER,EQ
TATACHEM,Tata Chemicals Ltd.,CHEMICALS,EQ
TATACOFFEE,Tata Coffee Ltd.,CONSUMER GOODS,EQ
TCS,Tata Consultancy Services Ltd.,IT,EQ
TATAELXSI,Tata Elxsi Ltd.,IT,EQ
TATAGLOBAL,Tata Global Beverages Ltd.,CONSUMER GOODS,EQ
TATAINVEST,Tata Investment Corporation Ltd.,FINANCIAL SERVICES,EQ
TATAMTRDVR,Tata Motors Ltd DVR,AUTOMOBILE,EQ
TATAMOTORS,Tata Motors Ltd.,AUTOMOBILE,EQ
TATAPOWER,Tata Power Co. Ltd.,ENERGY,EQ
TATASTEEL,Tata Steel Ltd.,METALS,EQ
TEAMLEASE,Teamlease Services Ltd.,SERVICES,EQ
TECHM,Tech Mahindra Ltd.,IT,EQ
NIACL,The New India Assurance Company Ltd.,FINANCIAL SERVICES,EQ
RAMCOCEM,The Ramco Cements Ltd.,CEMENT & CEMENT PRODUCTS,EQ
THERMAX,Thermax Ltd.,INDUSTRIAL MANUFACTURING,EQ
THOMASCOOK,Thomas Cook (India) Ltd.,SERVICES,EQ
THYROCARE,Thyrocare Technologies Ltd.,HEALTHCARE SERVICES,EQ
TIMETECHNO,Time Technoplast Ltd.,INDUSTRIAL MANUFACTURING,EQ
TIMKEN,Timken India Ltd.,INDUSTRIAL MANUFACTURING,EQ
TITAN,Titan Company Ltd.,CONSUMER GOODS,EQ
TORNTPHARM,Torrent Pharmaceuticals Ltd.,PHARMA,EQ
TORNTPOWER,Torrent Power Ltd.,ENERGY,EQ
TRENT,Trent Ltd.,CONSUMER GOODS,EQ
TRIDENT,Trident Ltd.,TEXTILES,EQ
TRITURBINE,Triveni Turbine Ltd.,INDUSTRIAL MANUFACTURING,EQ
TIINDIA,Tube Investments of India Ltd.,AUTOMOBILE,EQ
UCOBANK,UCO Bank,FINANCIAL SERVICES,EQ
UFLEX,UFLEX Ltd.,INDUSTRIAL MANUFACTURING,EQ
UPL,UPL Ltd.,FERTILISERS & PESTICIDES,EQ
UJJIVAN,Ujjivan Financial Services Ltd.,FINANCIAL SERVICES,EQ
ULTRACEMCO,UltraTech Cement Ltd.,CEMENT & CEMENT PRODUCTS,EQ
UNIONBANK,Union Bank of India,FINANCIAL SERVICES,EQ
UBL,United Breweries Ltd.,CONSUMER GOODS,EQ
MCDOWELL-N,United Spirits Ltd.,CONSUMER GOODS,EQ
VGUARD,V-Guard Industries Ltd.,CONSUMER GOODS,EQ
VMART,V-Mart Retail Ltd.,CONSUMER GOODS,EQ
VIPIND,V.I.P. Industries Ltd.,CONSUMER GOODS,EQ
VRLLOG,VRL Logistics Ltd.,SERVICES,EQ
VSTIND,VST Industries Ltd.,CONSUMER GOODS,EQ
WABAG,Va Tech Wabag Ltd.,SERVICES,EQ
VAKRANGEE,Vakrangee Ltd.,IT,EQ
VTL,Vardhman Textiles Ltd.,TEXTILES,EQ
VARROC,Varroc Engineering Ltd.,AUTOMOBILE,EQ
VBL,Varun Beverages Ltd.,CONSUMER GOODS,EQ
VEDL,Vedanta Ltd.,METALS,EQ
VENKEYS,Venky's (India) Ltd.,CONSUMER GOODS,EQ
VINATIORGA,Vinati Organics Ltd.,CHEMICALS,EQ
IDEA,Vodafone Idea Ltd.,TELECOM,EQ
VOLTAS,Voltas Ltd.,CONSUMER GOODS,EQ
WABCOINDIA,WABCO India Ltd.,AUTOMOBILE,EQ
WELCORP,Welspun Corp Ltd.,METALS,EQ
WELSPUNIND,Welspun India Ltd.,TEXTILES,EQ
WHIRLPOOL,Whirlpool of India Ltd.,CONSUMER GOODS,EQ
WIPRO,Wipro Ltd.,IT,EQ
WOCKPHARMA,Wockhardt Ltd.,PHARMA,EQ
YESBANK,Yes Bank Ltd.,FINANCIAL SERVICES,EQ
ZEEL,Zee Entertainment Enterprises Ltd.,MEDIA & ENTERTAINMENT,EQ
ZENSARTECH,Zensar Technolgies Ltd.,IT,EQ
ZYDUSWELL,Zydus Wellness Ltd.,CONSUMER GOODS,EQ
ECLERX,eClerx Services Ltd.,IT,EQ
